{"cameraMode":{"drawMode":0,"name":"Shaded","section":"Shading Mode"},"sceneLighting":true,"audioPlay":false,"sceneViewState":{"m_AlwaysRefresh":false,"showFog":true,"showSkybox":true,"showFlares":true,"showImageEffects":true,"showParticleSystems":true,"showVisualEffectGraphs":true,"m_FxEnabled":true},"in2DMode":false,"pivot":{"x":1.282425045967102,"y":1.7743120193481446,"z":0.35999107360839846},"rotation":{"x":-0.2800148129463196,"y":0.0005734817241318524,"z":-0.00016717889229767025,"w":-0.9599959850311279},"size":263.11065673828127,"orthographic":false}