{"cameraMode":{"drawMode":0,"name":"Shaded","section":"Shading Mode"},"sceneLighting":true,"audioPlay":false,"sceneViewState":{"m_AlwaysRefresh":false,"showFog":true,"showSkybox":true,"showFlares":true,"showImageEffects":true,"showParticleSystems":true,"showVisualEffectGraphs":true,"m_FxEnabled":true},"in2DMode":false,"pivot":{"x":0.23047764599323274,"y":-1.2097110748291016,"z":-9.345561981201172},"rotation":{"x":0.5195104479789734,"y":0.008967624045908451,"z":-0.005451759789139032,"w":0.8544012308120728},"size":9.76976490020752,"orthographic":false}