{"cameraMode":{"drawMode":0,"name":"Shaded","section":"Shading Mode"},"sceneLighting":false,"audioPlay":false,"sceneViewState":{"m_AlwaysRefresh":false,"showFog":true,"showSkybox":false,"showFlares":true,"showImageEffects":true,"showParticleSystems":true,"showVisualEffectGraphs":true,"m_FxEnabled":true},"in2DMode":false,"pivot":{"x":-2.2104108333587648,"y":2.259999990463257,"z":-1.6410000324249268},"rotation":{"x":0.2638402581214905,"y":-0.0011630118824541569,"z":0.00031691559706814587,"w":0.9645706415176392},"size":0.1422976702451706,"orthographic":false}