{"cameraMode":{"drawMode":0,"name":"Shaded","section":"Shading Mode"},"sceneLighting":false,"audioPlay":false,"sceneViewState":{"m_AlwaysRefresh":false,"showFog":true,"showSkybox":false,"showFlares":true,"showImageEffects":true,"showParticleSystems":true,"showVisualEffectGraphs":true,"m_FxEnabled":true},"in2DMode":false,"pivot":{"x":-2.2104108333587648,"y":2.259999990463257,"z":-1.6410000324249268},"rotation":{"x":0.49628177285194399,"y":-0.0013062432408332825,"z":0.0007476112805306912,"w":0.8681614995002747},"size":0.1422976702451706,"orthographic":false}