{"cameraMode":{"drawMode":0,"name":"Shaded","section":"Shading Mode"},"sceneLighting":true,"audioPlay":false,"sceneViewState":{"m_AlwaysRefresh":false,"showFog":true,"showSkybox":true,"showFlares":true,"showImageEffects":true,"showParticleSystems":true,"showVisualEffectGraphs":true,"m_FxEnabled":true},"in2DMode":false,"pivot":{"x":3.4969465732574465,"y":1.3057340383529664,"z":0.21282313764095307},"rotation":{"x":-0.16613179445266725,"y":-0.11186114698648453,"z":0.01897081732749939,"w":-0.9795572757720947},"size":5.528567790985107,"orthographic":false}